-- 1. Insert dữ liệu cho bảng USER (20 records)
INSERT INTO [user] (id, avatar, email, login_type, password, phone_number, role, user_name) VALUES ('user1', 'https://avatar.example.com/1.png', 'ncjydsv@gmail.com', 'email', 'hashed_password', '0461088521', 'user', 'UserName1');
INSERT INTO [user] (id, avatar, email, login_type, password, phone_number, role, user_name) VALUES ('user2', 'https://avatar.example.com/2.png', 'vdtzzag@example.com', 'google', 'hashed_password', '0416689857', 'admin', 'UserName2');
INSERT INTO [user] (id, avatar, email, login_type, password, phone_number, role, user_name) VALUES ('user3', 'https://avatar.example.com/3.png', 'conzmin@example.com', 'email', 'hashed_password', '0129676504', 'admin', 'UserName3');
INSERT INTO [user] (id, avatar, email, login_type, password, phone_number, role, user_name) VALUES ('user4', 'https://avatar.example.com/4.png', 'vimybhy@hotmail.com', 'email', 'hashed_password', '0598203748', 'admin', 'UserName4');
INSERT INTO [user] (id, avatar, email, login_type, password, phone_number, role, user_name) VALUES ('user5', 'https://avatar.example.com/5.png', 'tebgmpg@yahoo.com', 'google', 'hashed_password', '0045487877', 'user', 'UserName5');
INSERT INTO [user] (id, avatar, email, login_type, password, phone_number, role, user_name) VALUES ('user6', 'https://avatar.example.com/6.png', 'nkxfzqn@hotmail.com', 'email', 'hashed_password', '0732129768', 'admin', 'UserName6');
INSERT INTO [user] (id, avatar, email, login_type, password, phone_number, role, user_name) VALUES ('user7', 'https://avatar.example.com/7.png', 'pvkdljc@hotmail.com', 'email', 'hashed_password', '0663409349', 'admin', 'UserName7');
INSERT INTO [user] (id, avatar, email, login_type, password, phone_number, role, user_name) VALUES ('user8', 'https://avatar.example.com/8.png', 'lwkxpze@gmail.com', 'email', 'hashed_password', '0618618724', 'admin', 'UserName8');
INSERT INTO [user] (id, avatar, email, login_type, password, phone_number, role, user_name) VALUES ('user9', 'https://avatar.example.com/9.png', 'yzdnmhj@gmail.com', 'facebook', 'hashed_password', '0267319692', 'admin', 'UserName9');
INSERT INTO [user] (id, avatar, email, login_type, password, phone_number, role, user_name) VALUES ('user10', 'https://avatar.example.com/10.png', 'vtzsbit@example.com', 'email', 'hashed_password', '0415528350', 'user', 'UserName10');
INSERT INTO [user] (id, avatar, email, login_type, password, phone_number, role, user_name) VALUES ('user11', 'https://avatar.example.com/11.png', 'pohmjwr@example.com', 'facebook', 'hashed_password', '0937014736', 'user', 'UserName11');
INSERT INTO [user] (id, avatar, email, login_type, password, phone_number, role, user_name) VALUES ('user12', 'https://avatar.example.com/12.png', 'fbdmlyq@gmail.com', 'facebook', 'hashed_password', '0703385906', 'admin', 'UserName12');
INSERT INTO [user] (id, avatar, email, login_type, password, phone_number, role, user_name) VALUES ('user13', 'https://avatar.example.com/13.png', 'hudemqd@hotmail.com', 'email', 'hashed_password', '0489064139', 'user', 'UserName13');
INSERT INTO [user] (id, avatar, email, login_type, password, phone_number, role, user_name) VALUES ('user14', 'https://avatar.example.com/14.png', 'rwqcenq@hotmail.com', 'email', 'hashed_password', '0625528764', 'admin', 'UserName14');
INSERT INTO [user] (id, avatar, email, login_type, password, phone_number, role, user_name) VALUES ('user15', 'https://avatar.example.com/15.png', 'uggwagg@example.com', 'google', 'hashed_password', '0176868683', 'user', 'UserName15');
INSERT INTO [user] (id, avatar, email, login_type, password, phone_number, role, user_name) VALUES ('user16', 'https://avatar.example.com/16.png', 'nljfmgg@yahoo.com', 'email', 'hashed_password', '0873725986', 'user', 'UserName16');
INSERT INTO [user] (id, avatar, email, login_type, password, phone_number, role, user_name) VALUES ('user17', 'https://avatar.example.com/17.png', 'cdhzamf@hotmail.com', 'facebook', 'hashed_password', '0955509724', 'admin', 'UserName17');
INSERT INTO [user] (id, avatar, email, login_type, password, phone_number, role, user_name) VALUES ('user18', 'https://avatar.example.com/18.png', 'lwswxdg@gmail.com', 'email', 'hashed_password', '0875764693', 'admin', 'UserName18');
INSERT INTO [user] (id, avatar, email, login_type, password, phone_number, role, user_name) VALUES ('user19', 'https://avatar.example.com/19.png', 'lzzzxgg@gmail.com', 'facebook', 'hashed_password', '0328235012', 'user', 'UserName19');
INSERT INTO [user] (id, avatar, email, login_type, password, phone_number, role, user_name) VALUES ('user20', 'https://avatar.example.com/20.png', 'mxlcbml@example.com', 'facebook', 'hashed_password', '0629513687', 'user', 'UserName20');

-- 2. Insert dữ liệu cho bảng CATEGORY (20 records)
SET IDENTITY_INSERT category ON;
INSERT INTO category (id, category_name, category_image) VALUES (1, 'Category1', 'https://category.example.com/1.png');
INSERT INTO category (id, category_name, category_image) VALUES (2, 'Category2', 'https://category.example.com/2.png');
INSERT INTO category (id, category_name, category_image) VALUES (3, 'Category3', 'https://category.example.com/3.png');
INSERT INTO category (id, category_name, category_image) VALUES (4, 'Category4', 'https://category.example.com/4.png');
INSERT INTO category (id, category_name, category_image) VALUES (5, 'Category5', 'https://category.example.com/5.png');
INSERT INTO category (id, category_name, category_image) VALUES (6, 'Category6', 'https://category.example.com/6.png');
INSERT INTO category (id, category_name, category_image) VALUES (7, 'Category7', 'https://category.example.com/7.png');
INSERT INTO category (id, category_name, category_image) VALUES (8, 'Category8', 'https://category.example.com/8.png');
INSERT INTO category (id, category_name, category_image) VALUES (9, 'Category9', 'https://category.example.com/9.png');
INSERT INTO category (id, category_name, category_image) VALUES (10, 'Category10', 'https://category.example.com/10.png');
INSERT INTO category (id, category_name, category_image) VALUES (11, 'Category11', 'https://category.example.com/11.png');
INSERT INTO category (id, category_name, category_image) VALUES (12, 'Category12', 'https://category.example.com/12.png');
INSERT INTO category (id, category_name, category_image) VALUES (13, 'Category13', 'https://category.example.com/13.png');
INSERT INTO category (id, category_name, category_image) VALUES (14, 'Category14', 'https://category.example.com/14.png');
INSERT INTO category (id, category_name, category_image) VALUES (15, 'Category15', 'https://category.example.com/15.png');
INSERT INTO category (id, category_name, category_image) VALUES (16, 'Category16', 'https://category.example.com/16.png');
INSERT INTO category (id, category_name, category_image) VALUES (17, 'Category17', 'https://category.example.com/17.png');
INSERT INTO category (id, category_name, category_image) VALUES (18, 'Category18', 'https://category.example.com/18.png');
INSERT INTO category (id, category_name, category_image) VALUES (19, 'Category19', 'https://category.example.com/19.png');
INSERT INTO category (id, category_name, category_image) VALUES (20, 'Category20', 'https://category.example.com/20.png');
SET IDENTITY_INSERT category OFF;

-- 3. Insert dữ liệu cho bảng PRODUCT (20 records)
SET IDENTITY_INSERT product ON;
INSERT INTO product (id, created_at, description, is_active, is_selling, price, product_name, quantity, sold, category_id) VALUES (1, '2022-05-14', 'Description for product 1', 0, 0, 735012, 'Product1', 70, 7, 11);
INSERT INTO product (id, created_at, description, is_active, is_selling, price, product_name, quantity, sold, category_id) VALUES (2, '2024-04-17', 'Description for product 2', 0, 1, 376890, 'Product2', 45, 50, 15);
INSERT INTO product (id, created_at, description, is_active, is_selling, price, product_name, quantity, sold, category_id) VALUES (3, '2025-08-10', 'Description for product 3', 1, 1, 518134, 'Product3', 48, 0, 4);
INSERT INTO product (id, created_at, description, is_active, is_selling, price, product_name, quantity, sold, category_id) VALUES (4, '2020-10-08', 'Description for product 4', 0, 1, 526283, 'Product4', 61, 30, 12);
INSERT INTO product (id, created_at, description, is_active, is_selling, price, product_name, quantity, sold, category_id) VALUES (5, '2020-04-03', 'Description for product 5', 0, 1, 746630, 'Product5', 52, 39, 6);
INSERT INTO product (id, created_at, description, is_active, is_selling, price, product_name, quantity, sold, category_id) VALUES (6, '2023-06-23', 'Description for product 6', 0, 1, 751328, 'Product6', 89, 10, 2);
INSERT INTO product (id, created_at, description, is_active, is_selling, price, product_name, quantity, sold, category_id) VALUES (7, '2025-03-23', 'Description for product 7', 1, 0, 285130, 'Product7', 84, 2, 5);
INSERT INTO product (id, created_at, description, is_active, is_selling, price, product_name, quantity, sold, category_id) VALUES (8, '2024-01-17', 'Description for product 8', 1, 1, 438791, 'Product8', 52, 11, 18);
INSERT INTO product (id, created_at, description, is_active, is_selling, price, product_name, quantity, sold, category_id) VALUES (9, '2020-09-06', 'Description for product 9', 1, 0, 625210, 'Product9', 15, 49, 4);
INSERT INTO product (id, created_at, description, is_active, is_selling, price, product_name, quantity, sold, category_id) VALUES (10, '2024-04-16', 'Description for product 10', 0, 1, 784527, 'Product10', 3, 27, 3);
INSERT INTO product (id, created_at, description, is_active, is_selling, price, product_name, quantity, sold, category_id) VALUES (11, '2021-02-03', 'Description for product 11', 1, 0, 756324, 'Product11', 16, 19, 8);
INSERT INTO product (id, created_at, description, is_active, is_selling, price, product_name, quantity, sold, category_id) VALUES (12, '2022-11-04', 'Description for product 12', 1, 0, 10168, 'Product12', 80, 39, 9);
INSERT INTO product (id, created_at, description, is_active, is_selling, price, product_name, quantity, sold, category_id) VALUES (13, '2025-04-03', 'Description for product 13', 1, 0, 267676, 'Product13', 77, 29, 4);
INSERT INTO product (id, created_at, description, is_active, is_selling, price, product_name, quantity, sold, category_id) VALUES (14, '2021-06-21', 'Description for product 14', 0, 1, 678343, 'Product14', 20, 26, 20);
INSERT INTO product (id, created_at, description, is_active, is_selling, price, product_name, quantity, sold, category_id) VALUES (15, '2024-04-11', 'Description for product 15', 1, 1, 380995, 'Product15', 52, 15, 17);
INSERT INTO product (id, created_at, description, is_active, is_selling, price, product_name, quantity, sold, category_id) VALUES (16, '2023-12-08', 'Description for product 16', 1, 0, 641961, 'Product16', 98, 9, 6);
INSERT INTO product (id, created_at, description, is_active, is_selling, price, product_name, quantity, sold, category_id) VALUES (17, '2023-05-09', 'Description for product 17', 0, 1, 211227, 'Product17', 87, 9, 8);
INSERT INTO product (id, created_at, description, is_active, is_selling, price, product_name, quantity, sold, category_id) VALUES (18, '2025-06-12', 'Description for product 18', 0, 1, 905750, 'Product18', 91, 2, 10);
INSERT INTO product (id, created_at, description, is_active, is_selling, price, product_name, quantity, sold, category_id) VALUES (19, '2021-11-27', 'Description for product 19', 1, 1, 55924, 'Product19', 56, 12, 14);
INSERT INTO product (id, created_at, description, is_active, is_selling, price, product_name, quantity, sold, category_id) VALUES (20, '2022-11-26', 'Description for product 20', 1, 1, 630217, 'Product20', 46, 35, 9);
SET IDENTITY_INSERT product OFF;

-- 4. Insert dữ liệu cho bảng PRODUCT_IMAGE (20 records)
SET IDENTITY_INSERT product_image ON;
INSERT INTO product_image (id, url_image, product_id) VALUES (1, 'https://productimage.example.com/1.png', 12);
INSERT INTO product_image (id, url_image, product_id) VALUES (2, 'https://productimage.example.com/2.png', 3);
INSERT INTO product_image (id, url_image, product_id) VALUES (3, 'https://productimage.example.com/3.png', 11);
INSERT INTO product_image (id, url_image, product_id) VALUES (4, 'https://productimage.example.com/4.png', 11);
INSERT INTO product_image (id, url_image, product_id) VALUES (5, 'https://productimage.example.com/5.png', 7);
INSERT INTO product_image (id, url_image, product_id) VALUES (6, 'https://productimage.example.com/6.png', 2);
INSERT INTO product_image (id, url_image, product_id) VALUES (7, 'https://productimage.example.com/7.png', 1);
INSERT INTO product_image (id, url_image, product_id) VALUES (8, 'https://productimage.example.com/8.png', 19);
INSERT INTO product_image (id, url_image, product_id) VALUES (9, 'https://productimage.example.com/9.png', 14);
INSERT INTO product_image (id, url_image, product_id) VALUES (10, 'https://productimage.example.com/10.png', 3);
INSERT INTO product_image (id, url_image, product_id) VALUES (11, 'https://productimage.example.com/11.png', 8);
INSERT INTO product_image (id, url_image, product_id) VALUES (12, 'https://productimage.example.com/12.png', 18);
INSERT INTO product_image (id, url_image, product_id) VALUES (13, 'https://productimage.example.com/13.png', 6);
INSERT INTO product_image (id, url_image, product_id) VALUES (14, 'https://productimage.example.com/14.png', 9);
INSERT INTO product_image (id, url_image, product_id) VALUES (15, 'https://productimage.example.com/15.png', 4);
INSERT INTO product_image (id, url_image, product_id) VALUES (16, 'https://productimage.example.com/16.png', 15);
INSERT INTO product_image (id, url_image, product_id) VALUES (17, 'https://productimage.example.com/17.png', 19);
INSERT INTO product_image (id, url_image, product_id) VALUES (18, 'https://productimage.example.com/18.png', 20);
INSERT INTO product_image (id, url_image, product_id) VALUES (19, 'https://productimage.example.com/19.png', 6);
INSERT INTO product_image (id, url_image, product_id) VALUES (20, 'https://productimage.example.com/20.png', 16);
SET IDENTITY_INSERT product_image OFF;

-- 5. Insert dữ liệu cho bảng CART (20 records)
SET IDENTITY_INSERT cart ON;
INSERT INTO cart (id, count, product_id, user_id) VALUES (1, 5, 8, 'user7');
INSERT INTO cart (id, count, product_id, user_id) VALUES (2, 4, 1, 'user3');
INSERT INTO cart (id, count, product_id, user_id) VALUES (3, 2, 17, 'user1');
INSERT INTO cart (id, count, product_id, user_id) VALUES (4, 1, 4, 'user15');
INSERT INTO cart (id, count, product_id, user_id) VALUES (5, 5, 12, 'user1');
INSERT INTO cart (id, count, product_id, user_id) VALUES (6, 3, 14, 'user7');
INSERT INTO cart (id, count, product_id, user_id) VALUES (7, 4, 4, 'user2');
INSERT INTO cart (id, count, product_id, user_id) VALUES (8, 2, 4, 'user9');
INSERT INTO cart (id, count, product_id, user_id) VALUES (9, 3, 17, 'user10');
INSERT INTO cart (id, count, product_id, user_id) VALUES (10, 5, 9, 'user14');
INSERT INTO cart (id, count, product_id, user_id) VALUES (11, 3, 20, 'user18');
INSERT INTO cart (id, count, product_id, user_id) VALUES (12, 3, 14, 'user8');
INSERT INTO cart (id, count, product_id, user_id) VALUES (13, 2, 11, 'user1');
INSERT INTO cart (id, count, product_id, user_id) VALUES (14, 3, 14, 'user16');
INSERT INTO cart (id, count, product_id, user_id) VALUES (15, 4, 17, 'user5');
INSERT INTO cart (id, count, product_id, user_id) VALUES (16, 2, 11, 'user2');
INSERT INTO cart (id, count, product_id, user_id) VALUES (17, 2, 10, 'user4');
INSERT INTO cart (id, count, product_id, user_id) VALUES (18, 4, 20, 'user14');
INSERT INTO cart (id, count, product_id, user_id) VALUES (19, 4, 9, 'user6');
INSERT INTO cart (id, count, product_id, user_id) VALUES (20, 3, 10, 'user10');
SET IDENTITY_INSERT cart OFF;

-- 6. Insert dữ liệu cho bảng ORDER (20 records)
SET IDENTITY_INSERT [order] ON;
INSERT INTO [order] (id, address, booking_date, country, email, fullname, note, payment_method, phone, status, total, user_id) VALUES (1, 'Address 1', '2022-11-05', 'Vietnam', 'mzhephp@hotmail.com', 'Full Name 1', 'Note 1', 'paypal', '0775116606', 'completed', 605654, 'user7');
INSERT INTO [order] (id, address, booking_date, country, email, fullname, note, payment_method, phone, status, total, user_id) VALUES (2, 'Address 2', '2020-04-25', 'Vietnam', 'xmhmqzj@yahoo.com', 'Full Name 2', 'Note 2', 'paypal', '0519176489', 'completed', 589928, 'user16');
INSERT INTO [order] (id, address, booking_date, country, email, fullname, note, payment_method, phone, status, total, user_id) VALUES (3, 'Address 3', '2021-12-03', 'Vietnam', 'mvvhccl@example.com', 'Full Name 3', 'Note 3', 'cash', '0447941797', 'completed', 580092, 'user7');
INSERT INTO [order] (id, address, booking_date, country, email, fullname, note, payment_method, phone, status, total, user_id) VALUES (4, 'Address 4', '2020-10-27', 'Vietnam', 'lwcsxbt@yahoo.com', 'Full Name 4', 'Note 4', 'paypal', '0727609444', 'completed', 855207, 'user5');
INSERT INTO [order] (id, address, booking_date, country, email, fullname, note, payment_method, phone, status, total, user_id) VALUES (5, 'Address 5', '2020-05-08', 'Vietnam', 'pptqezy@yahoo.com', 'Full Name 5', 'Note 5', 'paypal', '0302004653', 'pending', 404776, 'user7');
INSERT INTO [order] (id, address, booking_date, country, email, fullname, note, payment_method, phone, status, total, user_id) VALUES (6, 'Address 6', '2025-04-17', 'Vietnam', 'ubuulcd@example.com', 'Full Name 6', 'Note 6', 'credit card', '0640946287', 'completed', 413957, 'user18');
INSERT INTO [order] (id, address, booking_date, country, email, fullname, note, payment_method, phone, status, total, user_id) VALUES (7, 'Address 7', '2021-06-25', 'Vietnam', 'nadsvjx@yahoo.com', 'Full Name 7', 'Note 7', 'paypal', '0249516149', 'completed', 153816, 'user20');
INSERT INTO [order] (id, address, booking_date, country, email, fullname, note, payment_method, phone, status, total, user_id) VALUES (8, 'Address 8', '2023-01-19', 'Vietnam', 'guptuff@hotmail.com', 'Full Name 8', 'Note 8', 'paypal', '0262386916', 'pending', 763633, 'user1');
INSERT INTO [order] (id, address, booking_date, country, email, fullname, note, payment_method, phone, status, total, user_id) VALUES (9, 'Address 9', '2025-04-17', 'Vietnam', 'ipighdx@gmail.com', 'Full Name 9', 'Note 9', 'paypal', '0730392789', 'pending', 809407, 'user2');
INSERT INTO [order] (id, address, booking_date, country, email, fullname, note, payment_method, phone, status, total, user_id) VALUES (10, 'Address 10', '2024-05-07', 'Vietnam', 'eskhuqn@gmail.com', 'Full Name 10', 'Note 10', 'credit card', '0915882867', 'cancelled', 483572, 'user14');
INSERT INTO [order] (id, address, booking_date, country, email, fullname, note, payment_method, phone, status, total, user_id) VALUES (11, 'Address 11', '2021-05-01', 'Vietnam', 'adpgaqq@yahoo.com', 'Full Name 11', 'Note 11', 'paypal', '0695243771', 'cancelled', 573340, 'user5');
INSERT INTO [order] (id, address, booking_date, country, email, fullname, note, payment_method, phone, status, total, user_id) VALUES (12, 'Address 12', '2024-10-23', 'Vietnam', 'ylxqigp@gmail.com', 'Full Name 12', 'Note 12', 'cash', '0811663092', 'completed', 351111, 'user18');
INSERT INTO [order] (id, address, booking_date, country, email, fullname, note, payment_method, phone, status, total, user_id) VALUES (13, 'Address 13', '2021-03-18', 'Vietnam', 'nwsimlr@yahoo.com', 'Full Name 13', 'Note 13', 'credit card', '0456337061', 'cancelled', 647217, 'user19');
INSERT INTO [order] (id, address, booking_date, country, email, fullname, note, payment_method, phone, status, total, user_id) VALUES (14, 'Address 14', '2025-10-16', 'Vietnam', 'ykvfrjh@hotmail.com', 'Full Name 14', 'Note 14', 'cash', '0325593453', 'completed', 544015, 'user16');
INSERT INTO [order] (id, address, booking_date, country, email, fullname, note, payment_method, phone, status, total, user_id) VALUES (15, 'Address 15', '2021-10-03', 'Vietnam', 'eykbroq@example.com', 'Full Name 15', 'Note 15', 'credit card', '0393028349', 'pending', 257631, 'user5');
INSERT INTO [order] (id, address, booking_date, country, email, fullname, note, payment_method, phone, status, total, user_id) VALUES (16, 'Address 16', '2022-09-10', 'Vietnam', 'twkttac@yahoo.com', 'Full Name 16', 'Note 16', 'paypal', '0671387209', 'completed', 940690, 'user9');
INSERT INTO [order] (id, address, booking_date, country, email, fullname, note, payment_method, phone, status, total, user_id) VALUES (17, 'Address 17', '2022-05-14', 'Vietnam', 'jmgnbcu@hotmail.com', 'Full Name 17', 'Note 17', 'cash', '0003130638', 'completed', 718556, 'user15');
INSERT INTO [order] (id, address, booking_date, country, email, fullname, note, payment_method, phone, status, total, user_id) VALUES (18, 'Address 18', '2023-08-20', 'Vietnam', 'xphrmpn@yahoo.com', 'Full Name 18', 'Note 18', 'paypal', '0175258117', 'pending', 347951, 'user14');
INSERT INTO [order] (id, address, booking_date, country, email, fullname, note, payment_method, phone, status, total, user_id) VALUES (19, 'Address 19', '2020-11-08', 'Vietnam', 'khnyrez@yahoo.com', 'Full Name 19', 'Note 19', 'cash', '0354715174', 'pending', 209813, 'user7');
INSERT INTO [order] (id, address, booking_date, country, email, fullname, note, payment_method, phone, status, total, user_id) VALUES (20, 'Address 20', '2023-11-21', 'Vietnam', 'gsnosmn@example.com', 'Full Name 20', 'Note 20', 'paypal', '0624071953', 'cancelled', 415233, 'user8');
SET IDENTITY_INSERT [order] OFF;

-- 7. Insert dữ liệu cho bảng ORDER_ITEM (20 records)
SET IDENTITY_INSERT order_item ON;
INSERT INTO order_item (id, count, order_id, product_id) VALUES (1, 2, 20, 8);
INSERT INTO order_item (id, count, order_id, product_id) VALUES (2, 5, 13, 10);
INSERT INTO order_item (id, count, order_id, product_id) VALUES (3, 4, 14, 19);
INSERT INTO order_item (id, count, order_id, product_id) VALUES (4, 4, 10, 13);
INSERT INTO order_item (id, count, order_id, product_id) VALUES (5, 2, 11, 19);
INSERT INTO order_item (id, count, order_id, product_id) VALUES (6, 4, 10, 13);
INSERT INTO order_item (id, count, order_id, product_id) VALUES (7, 4, 10, 20);
INSERT INTO order_item (id, count, order_id, product_id) VALUES (8, 5, 16, 11);
INSERT INTO order_item (id, count, order_id, product_id) VALUES (9, 2, 13, 14);
INSERT INTO order_item (id, count, order_id, product_id) VALUES (10, 3, 13, 9);
INSERT INTO order_item (id, count, order_id, product_id) VALUES (11, 1, 19, 5);
INSERT INTO order_item (id, count, order_id, product_id) VALUES (12, 3, 1, 16);
INSERT INTO order_item (id, count, order_id, product_id) VALUES (13, 1, 3, 7);
INSERT INTO order_item (id, count, order_id, product_id) VALUES (14, 5, 15, 15);
INSERT INTO order_item (id, count, order_id, product_id) VALUES (15, 3, 9, 8);
INSERT INTO order_item (id, count, order_id, product_id) VALUES (16, 2, 17, 7);
INSERT INTO order_item (id, count, order_id, product_id) VALUES (17, 3, 3, 4);
INSERT INTO order_item (id, count, order_id, product_id) VALUES (18, 1, 10, 12);
INSERT INTO order_item (id, count, order_id, product_id) VALUES (19, 4, 6, 18);
INSERT INTO order_item (id, count, order_id, product_id) VALUES (20, 5, 11, 3);
SET IDENTITY_INSERT order_item OFF;
